00000127683;CE278A;Картридж совместимый черный стандарт(2100стр) для HP LaserJet Pro M1536/P1560/P1566/P1600/P1606/M15
00000127764;CF226X;Картридж совместимый черный повышенный(9000стр) для HP LaserJet Pro M402/M426 совместимые партномер
00000127766;CF230X;Картридж совместимый черный повышенный(3500стр) для HP LaserJet Pro M203/M227 совместимые партномер
00000128297;CF232A;Фотобарабан совместимый черный стандарт(23000стр) для HP LaserJet Pro M203/M227/M206/M230 совместим
00000128741;106R01159;Картридж универсальный совместимый черный стандарт(3000стр) для Xerox Phaser 3117/3122/3124/3125/PE2
00000128968;106R02310;Картридж совместимый черный повышенный(5000стр) для Xerox WorkCentre 3315/3325 совместимые партномер
00000129005;106R02773;Картридж совместимый черный стандарт(1500стр) для Xerox Phaser 3020, WorkCentre 3025 совместимые па
00000129159;109R00725;Картридж универсальный совместимый черный стандарт(3000стр) для Xerox Phaser 3115/3120/3121/3130, Sa
00000129819;TN-2375;Картридж совместимый черный повышенный(2600стр) для Brother HL L2300/L2340/L2360/L2365, DCP L2500/L
00000129819;TN-2375;Картридж совместимый черный повышенный(2600стр) для Brother HL L2300/L2340/L2360/L2365, DCP L2500/L
00000130055;TK-1200;Картридж совместимый черный стандарт(3000стр) для Kyocera Ecosys M2235/P2335/M2735/M2835 совместимы
00000130072;TK-435;Картридж совместимый черный стандарт(15000стр) для Kyocera TASKalfa 180/181/220/221 совместимые пар
00000130218;DR-1075;Фотобарабан совместимый черный стандарт(10000стр) для Brother DCP 1510/1512/1610/1612,HL 1110/1112/
00000130272;MLT-D101S;Картридж совместимый черный повышенный(1500стр) для Samsung ML 2160/2162/2165/2167/2168, SCX 3400/34
00000130297;Q2612A;Картридж совместимый черный стандарт(2000стр) для HP LaserJet M1005/1010/1012/1015/1018/1020/1022/M
00000130343;TK-1120;Картридж совместимый черный стандарт(3000стр) для Kyocera FS 1025/1060/1125 совместимые партномера 
00000130343;TK-1120;Картридж совместимый черный стандарт(3000стр) для Kyocera FS 1025/1060/1125 совместимые партномера 
00000133997;Q5949X;Картридж совместимый черный повышенный(6000стр) для HP LaserJet 1320/3390/3392 совместимые партноме
00000133833;TN-3380;Картридж совместимый черный повышенный(8000стр) для Brother DCP 8110/8250, HL 5440/5450/5470/6180, 
00000158123;B/NM2640-cloth+oil;Тканевая накладка+смазка совместимые для Kyocera ECOSYS P2235/2235/2040/ M2135/2635/2635/2735/2040/2
00000162146;TL-5120X;Картридж совместимый черный повышенный(15000стр) для Pantum BM5100 / BP5100 совместимые партномера T
00000162148;DL-5120;Фотобарабан совместимый черный стандарт(30000стр) для Pantum BM5100 / BP5100 совместимые партномера 
00000163288;JC91-01034B;Блок фиксации совместимый для Xerox Phaser 3052/3260/ WC 3215/3225, B205/215 Samsung ML 2950/2955/ S
00000167954;PC-211EV-6000pages;Картридж совместимый черный повышенный(6000стр) для Pantum P2200/P2207/P2500/P2507/P2500W/M6500/M655
00000174162;006N01361;Бушинг вала выходного совместимый для Xerox Phaser 3052/3260, WC 3215/3225, Samsung ML 2950/2955, SC
00000174189;JC66-03016A;Шестерня привода блока термозакрепления совместимая для Samsung ML 2950/2951ND/2955, SCX 4726/4727/4
00000143478;DL-420;Фотобарабан совместимый черный стандарт (не менее 12000стр) для Pantum P3300/P3010/M6700/M6800/M7100
00000143478;DL-420;Фотобарабан совместимый черный стандарт (не менее 12000стр) для Pantum P3300/P3010/M6700/M6800/M7100
00000143482;TL-420X;Картридж совместимый черный повышенный(6000стр) для Pantum P3010/3300/M6700/M7100/M6800/7200 совмес
00000144943;3010C002;Картридж совместимый черный повышенный(10000стр) для Canon LBP 220ser/223/225/226, MF 440ser/443/445
00000090703;JC73-00239A;Насадка на ролик подхвата совместимая для Samsung ML-2510/2570/2571/ SCX-4650/4655/4700/4725/ Xerox 
00000162146;TL-5120X;Картридж совместимый черный повышенный(15000стр) для Pantum BM5100 / BP5100 совместимые партномера T
00000144943;3010C002;Картридж совместимый черный повышенный(10000стр) для Canon LBP 220ser/223/225/226, MF 440ser/443/445
00000130360;PC-211EV;Картридж совместимый черный стандарт(1600стр) для Pantum P2200/P2207/P2500/P2507/P2500W/M6500/M6550/
00000127683;CE278A;Картридж совместимый черный стандарт(2100стр) для HP LaserJet Pro M1536/P1560/P1566/P1600/P1606/M15
00000133863;L0206140;Лента красящая совместимый черный (12м) Epson FX 1000/1050/1170/1180/2140/2175/2180/2190/800/850/880
00000129132;108R00909;Картридж совместимый черный повышенный(2500стр) для Xerox Phaser 3140/3155/3160 совместимые партном
00000129159;109R00725;Картридж универсальный совместимый черный стандарт(3000стр) для Xerox Phaser 3115/3120/3121/3130, Sa
00000129008;106R02778;Картридж совместимый черный повышенный(3000стр) для Xerox Phaser 3052/3260, WorkCentre 3215/3225 сов
00000162089;PC-212EV;Картридж совместимый черный стандарт(1600стр) для Pantum P2502 / P2502W / M6502 / M6502W / M6552NW с
00000167954;PC-211EV-6000pages;Картридж совместимый черный повышенный(6000стр) для Pantum P2200/P2207/P2500/P2507/P2500W/M6500/M655
00000130360;PC-211EV;Картридж совместимый черный стандарт(1600стр) для Pantum P2200/P2207/P2500/P2507/P2500W/M6500/M6550/
00000127683;CE278A;Картридж совместимый черный стандарт(2100стр) для HP LaserJet Pro M1536/P1560/P1566/P1600/P1606/M15
00000127733;CE505A;Картридж совместимый черный стандарт(2300стр) для HP LaserJet P2030/P2035/P2050/P2055 совместимые п
00000127733;CE505A;Картридж совместимый черный стандарт(2300стр) для HP LaserJet P2030/P2035/P2050/P2055 совместимые п
00000127760;CF219A;Фотобарабан совместимый черный стандарт(12000стр) для HP LaserJet Pro M104/M132/M102/M130/M129/M101
00000127766;CF230X;Картридж совместимый черный повышенный(3500стр) для HP LaserJet Pro M203/M227 совместимые партномер
00000127766;CF230X;Картридж совместимый черный повышенный(3500стр) для HP LaserJet Pro M203/M227 совместимые партномер
00000128337;CF540X;Картридж совместимый черный повышенный(3200стр) для HP Color LaserJet M254/M280/M281 совместимые па
00000128346;CF542X;Картридж совместимый желтый повышенный(2500стр) для HP Color LaserJet M254/M280/M281 совместимые пар
00000128350;CF543X;Картридж совместимый пурпурный повышенный(2500стр) для HP Color LaserJet M254/M280/M281 совместимые
00000128657;101R00474;Фотобарабан совместимый черный стандарт(10000стр) для Xerox Phaser 3052/3260, WorkCentre 3215/3225 
00000128897;106R01531;Картридж совместимый черный повышенный(11000стр) для Xerox WorkCentre 3550 совместимые партномера 1
00000128964;106R02306;Картридж совместимый черный повышенный(11000стр) для Xerox Phaser 3320 совместимые партномера 106R0
00000129005;106R02773;Картридж совместимый черный стандарт(1500стр) для Xerox Phaser 3020, WorkCentre 3025 совместимые па
00000129008;106R02778;Картридж совместимый черный повышенный(3000стр) для Xerox Phaser 3052/3260, WorkCentre 3215/3225 сов
00000129132;108R00909;Картридж совместимый черный повышенный(2500стр) для Xerox Phaser 3140/3155/3160 совместимые партном
00000129819;TN-2375;Картридж совместимый черный повышенный(2600стр) для Brother HL L2300/L2340/L2360/L2365, DCP L2500/L
00000129872;TK-5230Y;Картридж совместимый желтый повышенный (2200стр) для Kyocera Mita Ecosys M5521/P5021 совместимые пар
00000129874;TK-5230M;Картридж совместимый пурпурный повышенный (2200стр) для Kyocera Mita Ecosys M5521/P5021 совместимые 
00000129876;TK-5230K;Картридж совместимый черный повышенный (2600стр) для Kyocera Mita Ecosys M5521/P5021 совместимые пар
00000129878;TK-5230C;Картридж совместимый голубой повышенный (2200стр) для Kyocera Mita Ecosys M5521/P5021 совместимые па
00000129897;TK-3160;Картридж совместимый черный стандарт(12500стр) для Kyocera Mita Ecosys M3145/P3045/P3050/P3055/P306
00000130055;TK-1200;Картридж совместимый черный стандарт(3000стр) для Kyocera Ecosys M2235/P2335/M2735/M2835 совместимы
00000130231;DR-2335;Фотобарабан совместимый черный стандарт(12000стр) для Brother DCP L2500/L2520/L2540/L2560,HL L2300/
00000130266;MLT-D104S;Картридж совместимый черный стандарт(1500стр) для Samsung ML 1660/1665/1667/1677/1860/1865/1867, SC
00000130272;MLT-D101S;Картридж совместимый черный повышенный(1500стр) для Samsung ML 2160/2162/2165/2167/2168, SCX 3400/34
00000130297;Q2612A;Картридж совместимый черный стандарт(2000стр) для HP LaserJet M1005/1010/1012/1015/1018/1020/1022/M
00000130303;Q5949A;Картридж совместимый черный стандарт(2500стр) для HP LaserJet 1160/1320/3390/3392 совместимые партн
00000130341;TK-1110;Картридж совместимый черный стандарт(2500стр) для Kyocera FS 1020MFP/1040/1120MFP совместимые партн
00000130347;TK-1140;Картридж совместимый черный стандарт(7200стр) для Kyocera EcoSys M2035/M2535, FS 1035/1135 совмести
00000130360;PC-211EV;Картридж совместимый черный стандарт(1600стр) для Pantum P2200/P2207/P2500/P2507/P2500W/M6500/M6550/
00000130360;PC-211EV;Картридж совместимый черный стандарт(1600стр) для Pantum P2200/P2207/P2500/P2507/P2500W/M6500/M6550/
00000130391;407262;Картридж совместимый черный повышенный(2600стр) для Ricoh Aficio SP200/SP202/SP203/SP210/SP212 совм
00000133863;L0206140;Лента красящая совместимый черный (12м) Epson FX 1000/1050/1170/1180/2140/2175/2180/2190/800/850/880
00000162051;4311C001;Картридж оригинал черный стандарт(10200стр) для Canon imageRUNNER 2425/2425i совместимые партномера 
00000162089;PC-212EV;Картридж совместимый черный стандарт(1600стр) для Pantum P2502 / P2502W / M6502 / M6502W / M6552NW с
00000163530;W1106A-5000pages;Картридж совместимый черный повышенный(5000стр) для HP Laser 107/135/137 совместимые партномера W110
00000167954;PC-211EV-6000pages;Картридж совместимый черный повышенный(6000стр) для Pantum P2200/P2207/P2500/P2507/P2500W/M6500/M655
00000148497;;АИ 70847 БЛОК
00000148639;;АИ 84034 ИЗМЕРИТЕЛЬ ПОРТАТИВНЫЙ
00000148656;;АИ 84085 КОМПЛЕКТ
00000149068;;АИ 83991 ПЫЛЕСОС ДЛЯ ЧИСТКИ ОРГ
00000149293;;АИ 84037 ТЕСТЕР
00000134517;CF244A;Картридж совместимый черный стандарт(1000стр) для HP LaserJet Pro M15/M16/M28/M29 совместимые партн
00000140394;CF259X;Картридж совместимый черный повышенный(10000стр) для HP LaserJet Pro M304/M404/M428 совместимые пар
00000140394;CF259X;Картридж совместимый черный повышенный(10000стр) для HP LaserJet Pro M304/M404/M428 совместимые пар
00000143478;DL-420;Фотобарабан совместимый черный стандарт (не менее 12000стр) для Pantum P3300/P3010/M6700/M6800/M7100
00000139249;W1106A;Картридж совместимый черный стандарт(1000стр) для HP Laser 107/135/137 совместимые партномера W1106
00000127683;CE278A;Картридж совместимый черный стандарт(2100стр) для HP LaserJet Pro M1536/P1560/P1566/P1600/P1606/M15
00000127733;CE505A;Картридж совместимый черный стандарт(2300стр) для HP LaserJet P2030/P2035/P2050/P2055 совместимые п
00000127733;CE505A;Картридж совместимый черный стандарт(2300стр) для HP LaserJet P2030/P2035/P2050/P2055 совместимые п
00000127760;CF219A;Фотобарабан совместимый черный стандарт(12000стр) для HP LaserJet Pro M104/M132/M102/M130/M129/M101
00000127766;CF230X;Картридж совместимый черный повышенный(3500стр) для HP LaserJet Pro M203/M227 совместимые партномер
00000127766;CF230X;Картридж совместимый черный повышенный(3500стр) для HP LaserJet Pro M203/M227 совместимые партномер
00000128337;CF540X;Картридж совместимый черный повышенный(3200стр) для HP Color LaserJet M254/M280/M281 совместимые па
00000128346;CF542X;Картридж совместимый желтый повышенный(2500стр) для HP Color LaserJet M254/M280/M281 совместимые пар
00000128350;CF543X;Картридж совместимый пурпурный повышенный(2500стр) для HP Color LaserJet M254/M280/M281 совместимые
00000128657;101R00474;Фотобарабан совместимый черный стандарт(10000стр) для Xerox Phaser 3052/3260, WorkCentre 3215/3225 
00000128897;106R01531;Картридж совместимый черный повышенный(11000стр) для Xerox WorkCentre 3550 совместимые партномера 1
00000128964;106R02306;Картридж совместимый черный повышенный(11000стр) для Xerox Phaser 3320 совместимые партномера 106R0
00000129005;106R02773;Картридж совместимый черный стандарт(1500стр) для Xerox Phaser 3020, WorkCentre 3025 совместимые па
00000129008;106R02778;Картридж совместимый черный повышенный(3000стр) для Xerox Phaser 3052/3260, WorkCentre 3215/3225 сов
00000129132;108R00909;Картридж совместимый черный повышенный(2500стр) для Xerox Phaser 3140/3155/3160 совместимые партном
00000129819;TN-2375;Картридж совместимый черный повышенный(2600стр) для Brother HL L2300/L2340/L2360/L2365, DCP L2500/L
00000129872;TK-5230Y;Картридж совместимый желтый повышенный (2200стр) для Kyocera Mita Ecosys M5521/P5021 совместимые пар
00000129874;TK-5230M;Картридж совместимый пурпурный повышенный (2200стр) для Kyocera Mita Ecosys M5521/P5021 совместимые 
00000129876;TK-5230K;Картридж совместимый черный повышенный (2600стр) для Kyocera Mita Ecosys M5521/P5021 совместимые пар
00000129878;TK-5230C;Картридж совместимый голубой повышенный (2200стр) для Kyocera Mita Ecosys M5521/P5021 совместимые па
00000129897;TK-3160;Картридж совместимый черный стандарт(12500стр) для Kyocera Mita Ecosys M3145/P3045/P3050/P3055/P306
00000130055;TK-1200;Картридж совместимый черный стандарт(3000стр) для Kyocera Ecosys M2235/P2335/M2735/M2835 совместимы
00000130231;DR-2335;Фотобарабан совместимый черный стандарт(12000стр) для Brother DCP L2500/L2520/L2540/L2560,HL L2300/
00000130266;MLT-D104S;Картридж совместимый черный стандарт(1500стр) для Samsung ML 1660/1665/1667/1677/1860/1865/1867, SC
00000130272;MLT-D101S;Картридж совместимый черный повышенный(1500стр) для Samsung ML 2160/2162/2165/2167/2168, SCX 3400/34
00000130297;Q2612A;Картридж совместимый черный стандарт(2000стр) для HP LaserJet M1005/1010/1012/1015/1018/1020/1022/M
00000130303;Q5949A;Картридж совместимый черный стандарт(2500стр) для HP LaserJet 1160/1320/3390/3392 совместимые партн
00000130341;TK-1110;Картридж совместимый черный стандарт(2500стр) для Kyocera FS 1020MFP/1040/1120MFP совместимые партн
00000130347;TK-1140;Картридж совместимый черный стандарт(7200стр) для Kyocera EcoSys M2035/M2535, FS 1035/1135 совмести
00000130360;PC-211EV;Картридж совместимый черный стандарт(1600стр) для Pantum P2200/P2207/P2500/P2507/P2500W/M6500/M6550/
00000130360;PC-211EV;Картридж совместимый черный стандарт(1600стр) для Pantum P2200/P2207/P2500/P2507/P2500W/M6500/M6550/
00000130391;407262;Картридж совместимый черный повышенный(2600стр) для Ricoh Aficio SP200/SP202/SP203/SP210/SP212 совм
00000133863;L0206140;Лента красящая совместимый черный (12м) Epson FX 1000/1050/1170/1180/2140/2175/2180/2190/800/850/880
00000162051;4311C001;Картридж оригинал черный стандарт(10200стр) для Canon imageRUNNER 2425/2425i совместимые партномера 
00000162089;PC-212EV;Картридж совместимый черный стандарт(1600стр) для Pantum P2502 / P2502W / M6502 / M6502W / M6552NW с
00000163530;W1106A-5000pages;Картридж совместимый черный повышенный(5000стр) для HP Laser 107/135/137 совместимые партномера W110
00000167954;PC-211EV-6000pages;Картридж совместимый черный повышенный(6000стр) для Pantum P2200/P2207/P2500/P2507/P2500W/M6500/M655
00000148497;;АИ 70847 БЛОК
00000148639;;АИ 84034 ИЗМЕРИТЕЛЬ ПОРТАТИВНЫЙ
00000148656;;АИ 84085 КОМПЛЕКТ
00000149068;;АИ 83991 ПЫЛЕСОС ДЛЯ ЧИСТКИ ОРГ
00000149293;;АИ 84037 ТЕСТЕР
00000134517;CF244A;Картридж совместимый черный стандарт(1000стр) для HP LaserJet Pro M15/M16/M28/M29 совместимые партн
00000140394;CF259X;Картридж совместимый черный повышенный(10000стр) для HP LaserJet Pro M304/M404/M428 совместимые пар
00000140394;CF259X;Картридж совместимый черный повышенный(10000стр) для HP LaserJet Pro M304/M404/M428 совместимые пар
00000143478;DL-420;Фотобарабан совместимый черный стандарт (не менее 12000стр) для Pantum P3300/P3010/M6700/M6800/M7100
00000139249;W1106A;Картридж совместимый черный стандарт(1000стр) для HP Laser 107/135/137 совместимые партномера W1106
00000153290;RIB-W/Res_Out_74*110-12,7;Риббон универсальный черный совместимый, внешнее напыление, воск/смола, длина 74м*110мм, втулка 12,7
00000130338;SCX-D4200A;Картридж совместимый черный стандарт(3000стр) для Samsung SCX-4200/4220 совместимые партномера SCX-
00000130360;PC-211EV;Картридж совместимый черный стандарт(1600стр) для Pantum P2200/P2207/P2500/P2507/P2500W/M6500/M6550/
00000130360;PC-211EV;Картридж совместимый черный стандарт(1600стр) для Pantum P2200/P2207/P2500/P2507/P2500W/M6500/M6550/
00000133863;L0206140;Лента красящая совместимый черный (12м) Epson FX 1000/1050/1170/1180/2140/2175/2180/2190/800/850/880
00000162089;PC-212EV;Картридж совместимый черный стандарт(1600стр) для Pantum P2502 / P2502W / M6502 / M6502W / M6552NW с
00000162148;DL-5120;Фотобарабан совместимый черный стандарт(30000стр) для Pantum BM5100 / BP5100 совместимые партномера
00000167954;PC-211EV-6000pages;Картридж совместимый черный повышенный(6000стр) для Pantum P2200/P2207/P2500/P2507/P2500W/M6500/M655
00000170371;WB-D0392040;Ракель совместимый многоцветный для Ricoh Aficio MP C2030/2050/C2051/C2550/C2551 совместимые партном
