Номенклатура;Артикул;Количество;Наименование
127580;51645AE;;Картридж совместимый черный повышенный(930стр) для HP ColorCopier 110/120/140/145/150/155/160/170/180/190/210/210LX/260/270/280/290, DesignJet 700/720
127581;C4092A;;Картридж совместимый черный стандарт(2500стр) для HP LaserJet 1100/3200/3220 совместимые партномера C4092A
127606;C7115A;;Картридж совместимый черный стандарт(2500стр) для HP LaserJet 1000/1005/1200/1220/3300/3310/3320/3330/3380 совместимые партномера C7115A
127631;CB400A;;Картридж совместимый черный стандарт(7500стр) для HP Color LaserJet CP4005 совместимые партномера CB400A
127633;CB401A;;Картридж совместимый голубой стандарт(7500стр) для HP Color LaserJet CP4005 совместимые партномера CB401A
127636;CB402A;;Картридж совместимый желтый стандарт(7500стр) для HP Color LaserJet CP4005 совместимые партномера CB402A
127637;CB403A;;Картридж совместимый пурпурный стандарт(7500стр) для HP Color LaserJet CP4005 совместимые партномера CB403A
127665;CE255A;;Картридж совместимый черный стандарт(6000стр) для HP LaserJet M521PRO500/M521/M525/P3010/P3015 совместимые партномера CE255A
127683;CE278A;;Картридж совместимый черный стандарт(2100стр) для HP LaserJet Pro M1536/P1560/P1566/P1600/P1606/M1530 совместимые партномера CE278A/CE278AC
127685;CE285A;;Картридж совместимый черный стандарт(1600стр) для HP LaserJet Pro M1130/M1132/M1137/M1210/M1212/M1214/M1217/P1100/P1101/P1102/P1103/P1104/P1106/P1108/
127716;CE400X;;Картридж совместимый черный повышенный(11000стр) для HP Color LaserJet M551/M570/M575, Color LaserJet Pro M570 совместимые партномера CE400X/CE400XC/C
127718;CE401A;;Картридж совместимый голубой стандарт(6000стр) для HP Color LaserJet M551/M570/M575, Color LaserJet Pro M570 совместимые партномера CE401A/CE401AC/CE4
127719;CE402A;;Картридж совместимый желтый стандарт(6000стр) для HP Color LaserJet M551/M570/M575, Color LaserJet Pro M570 совместимые партномера CE402A/CE402AC/CE40
127722;CE403A;;Картридж совместимый пурпурный стандарт(6000стр) для HP Color LaserJet M551/M575, Color LaserJet Pro M570 совместимые партномера CE403A/CE403AC/CE403Y
127723;CE410A;;Картридж совместимый черный стандарт(2200стр) для HP Color LaserJet Pro M351/M357/M375/M451/M475 совместимые партномера CE410A
127726;CE410X;;Картридж совместимый черный повышенный(4000стр) для HP Color LaserJet Pro M351/M357/M375/M451/M475 совместимые партномера CE410X/CE410XC/305X Black
127733;CE505A;;Картридж совместимый черный стандарт(2300стр) для HP LaserJet P2030/P2035/P2050/P2055 совместимые партномера CE505A
127735;CE505X;;Картридж совместимый черный повышенный(6500стр) для HP LaserJet P2055 совместимые партномера CE505X/CE505XC
127736;CE505X;;Картридж оригинал черный повышенный(6500стр) для HP LaserJet P2055 совместимые партномера CE505X/CE505XC
127745;CF210A;;Картридж совместимый черный стандарт(1600стр) для HP Color LaserJet Pro M251/M276 совместимые партномера CF210A
127747;CF210X;;Картридж совместимый черный повышенный(2400стр) для HP Color LaserJet Pro M251/M276 совместимые партномера CF210X/131X Black
127749;CF211A;;Картридж совместимый голубой стандарт(1800стр) для HP Color LaserJet Pro M251/M276 совместимые партномера CF211A
127751;CF212A;;Картридж совместимый желтый стандарт(1800стр) для HP Color LaserJet Pro M251/M276 совместимые партномера CF212A
127753;CF213A;;Картридж совместимый пурпурный стандарт(1800стр) для HP Color LaserJet Pro M251/M276 совместимые партномера CF213A
127758;CF218A;;Картридж совместимый черный стандарт(1400стр) для HP LaserJet Pro M104/M132/M103, LaserJet M133 совместимые партномера CF218A
127760;CF219A;;Фотобарабан совместимый черный стандарт(12000стр) для HP LaserJet Pro M104/M132/M102/M130/M129/M101/M103 совместимые партномера CF219A
127764;CF226X;;Картридж совместимый черный повышенный(9000стр) для HP LaserJet Pro M402/M426 совместимые партномера CF226X/CF226XC
127765;CF230A;;Картридж совместимый черный стандарт(1600стр) для HP LaserJet Pro M203/M227 совместимые партномера CF230A
127766;CF230X;;Картридж совместимый черный повышенный(3500стр) для HP LaserJet Pro M203/M227 совместимые партномера CF230X
127771;CF280X;;Картридж совместимый черный повышенный(6900стр) для HP LaserJet Pro M401/M425 совместимые партномера CF280X/CF280XC
127773;CF283A;;Картридж совместимый черный стандарт(1500стр) для HP LaserJet Pro M125/M126/M127/M128/M201/M202/M225 совместимые партномера CF283A/CF283AC
127775;CF283X;;Картридж совместимый черный повышенный(2200стр) для HP LaserJet Pro M201/M225 совместимые партномера CF283X/CF283XC
127797;CF360X;;Картридж совместимый черный повышенный(12500стр) для HP Color LaserJet M552/M553/M577 совместимые партномера CF360X/CF360XC/508X Black
127801;CF361X;;Картридж совместимый голубой повышенный(9500стр) для HP Color LaserJet M552/M553/M577 совместимые партномера CF361X/CF361XC/508X Cyan
127805;CF362X;;Картридж совместимый желтый повышенный(9500стр) для HP Color LaserJet M552/M553/M577 совместимые партномера CF362X/CF362XC/508X Yellow
127809;CF363X;;Картридж совместимый пурпурный повышенный(9500стр) для HP Color LaserJet M552/M553/M577 совместимые партномера CF363X/CF363XC/508X Magenta
127811;CF380X;;Картридж совместимый черный повышенный(4400стр) для HP Color LaserJet Pro M476 совместимые партномера CF380X/CF380XC/312X Black
127813;CF381A;;Картридж совместимый голубой стандарт(2700стр) для HP Color LaserJet Pro M476 совместимые партномера CF381A/CF381AC
127815;CF382A;;Картридж совместимый желтый стандарт(2700стр) для HP Color LaserJet Pro M476 совместимые партномера CF382A/CF382AC
127817;CF383A;;Картридж совместимый пурпурный стандарт(2700стр) для HP Color LaserJet Pro M476 совместимые партномера CF383A/CF383AC
127821;CF400X;;Картридж совместимый черный повышенный(2800стр) для HP Color LaserJet Pro M252/M274/M277 совместимые партномера CF400X/201X Black
127825;CF401X;;Картридж совместимый голубой повышенный(2300стр) для HP Color LaserJet Pro M252/M274/M277 совместимые партномера CF401X/201X Cyan
127829;CF402X;;Картридж совместимый желтый повышенный(2300стр) для HP Color LaserJet Pro M252/M274/M277 совместимые партномера CF402X/201X Yellow
127833;CF403X;;Картридж совместимый пурпурный повышенный(2300стр) для HP Color LaserJet Pro M252/M274/M277 совместимые партномера CF403X/201X Magenta
127837;CF410X;;Картридж совместимый черный повышенный(6500стр) для HP Color LaserJet Pro M452/M477/M377 совместимые партномера CF410X/CF410XC
127851;CF530A;;Картридж совместимый черный стандарт(1100стр) для HP Color LaserJet Pro M154/M180/M181 совместимые партномера CF530A
127880;C2624X;;Картридж совместимый черный повышенный(4000стр) для HP LaserJet 1150 совместимые партномера C2624X
128232;CC364X;;Картридж совместимый черный повышенный(24000стр) для HP LaserJet P4010/P4014/P4015/P4510/P4515 совместимые партномера CC364X/CC364XC
128274;CE255X;;Картридж совместимый черный повышенный(12500стр) для HP LaserJet PRO MFP M521/ Enterprise P3010/P3015/ 500 MFP M525 совместимые партномера CE255X
128280;CE390X;;Картридж совместимый черный повышенный(24000стр) для HP LaserJet M4555/M602/M603 совместимые партномера CE390X/CE390XC
128283;CE400A;;Картридж совместимый черный стандарт(5500стр) для HP Color LaserJet M551/M575, LaserJet Pro Color M570 совместимые партномера CE400A
128294;CF217A;;Картридж совместимый черный стандарт(1600стр) для HP LaserJet Pro M102/M130/M129/M101 совместимые партномера CF217A
128297;CF232A;;Фотобарабан совместимый черный стандарт(23000стр) для HP LaserJet Pro M203/M227/M206/M230 совместимые партномера CF232A
128298;CF233A;;Картридж совместимый черный стандарт(2300стр) для HP LaserJet M133/M134/M105/M106 совместимые партномера CF233A
128300;CF234A;;Фотобарабан совместимый черный стандарт(9200стр) для HP LaserJet M133/M134/M105/M106 совместимые партномера CF234A
128304;CF287X;;Картридж совместимый черный повышенный(18000стр) для HP LaserJet M506/M527, LaserJet Pro M501 совместимые партномера CF287X
128332;CF531A;;Картридж совместимый голубой стандарт(900стр) для HP Color LaserJet M154/M180/M181 совместимые партномера CF531A
128333;CF532A;;Картридж совместимый желтый стандарт(900стр) для HP Color LaserJet M154/M180/M181 совместимые партномера CF532A
128334;CF533A;;Картридж совместимый пурпурный стандарт(900стр) для HP Color LaserJet M154/M180/M181 совместимые партномера CF533A
128337;CF540X;;Картридж совместимый черный повышенный(3200стр) для HP Color LaserJet M254/M280/M281 совместимые партномера CF540X/203X Black
128341;CF541X;;Картридж совместимый голубой повышенный(2500стр) для HP Color LaserJet M254/M280/M281 совместимые партномера CF541X/203X Cyan
128346;CF542X;;Картридж совместимый желтый повышенный(2500стр) для HP Color LaserJet M254/M280/M281 совместимые партномера CF542X/203X Yellow
128350;CF543X;;Картридж совместимый пурпурный повышенный(2500стр) для HP Color LaserJet M254/M280/M281 совместимые партномера CF543X/203X Magenta
128412;006R01179;;Картридж совместимый черный стандарт(11000стр) для Xerox CopyCentre C118, WorkCentre M118 совместимые партномера 006R01179
128506;006R01573;;Картридж совместимый черный стандарт(9000стр) для Xerox WorkCentre 5019/5021/5022/5024/5025 совместимые партномера 006R01573
128527;006R01701;;Картридж совместимый черный стандарт(26000стр) для Xerox Altalink C8030/C8035/C8040/C8045/C8055/C8070 совместимые партномера 006R01701/FP-8030FBK
128531;006R01703;;Картридж совместимый пурпурный стандарт(15000стр) для Xerox Altalink C8030/C8035/C8040/C8045/C8055/C8070 совместимые партномера 006R01703/FP-8030FM
128581;013R00589;;Фотобарабан совместимый черный стандарт(60000стр) для Xerox CopyCentre C118, WorkCentre M118, CopyCentre 133/C123/C128, WorkCentre 133/M123 совместимы
128627;013R00662;;Фотобарабан совместимый многоцветный стандарт(125000стр) для Xerox WorkCentre 7525/7530/7535/7545/7556/7830/7835/7845/7855, Altalink C8030/C8035/C8040
128637;013R00670;;Фотобарабан совместимый черный стандарт(80000стр) для Xerox WorkCentre 5019/5021/5022/5024 совместимые партномера 013R00670
128651;101R00432;;Фотобарабан совместимый черный стандарт(22000стр) для Xerox WorkCentre 5016/5020 совместимые партномера 101R00432
128657;101R00474;;Фотобарабан совместимый черный стандарт(10000стр) для Xerox Phaser 3052/3260, WorkCentre 3215/3225 совместимые партномера 101R00474
128661;101R00555;;Фотобарабан совместимый черный стандарт(30000стр) для Xerox WorkCentre 3335/3345, Phaser 3330 совместимые партномера 101R00555
128674;108R00648;;Фотобарабан совместимый пурпурный стандарт(30000стр) для Xerox Phaser 7400 совместимые партномера 108R00648
128675;108R00649;;Фотобарабан совместимый жёлтый стандарт(30000стр) для Xerox Phaser 7400 совместимые партномера 106R
128676;108R00650;;Фотобарабан совместимый черный стандарт(30000стр) для Xerox Phaser 7400 совместимые партномера 106R
128714;106R01034;;Картридж совместимый черный повышенный(10000стр) для Xerox Phaser 3420/3425 совместимые партномера 106R01034
128723;106R01077;;Картридж совместимый голубой повышенный(18000стр) для Xerox Phaser 7400 совместимые партномера 106R01077
128725;106R01078;;Картридж совместимый пурпурный повышенный(18000стр) для Xerox Phaser 7400 совместимые партномера 106R01078
128727;106R01079;;Картридж совместимый жёлтый повышенный(18000стр) для Xerox Phaser 7400 совместимые партномера 106R01079
128729;113R00780;;Фотобарабан совместимый многоцветный стандарт(109000стр) для Xerox VersaLink C7020/C7025/C7030 совместимые партномера 113R00780
128730;106R01080;;Картридж совместимый черный стандарт(15000стр) для Xerox Phaser 7400 совместимые партномера 106R01080
128741;106R01159;;Картридж универсальный совместимый черный стандарт(3000стр) для Xerox Phaser 3117/3122/3124/3125/PE220, Samsung ML1610/ML1615/ML2010/ML2015/ML2020/ML2
128775;106R01277;;Картридж совместимый черный стандарт(6300стр) для Xerox WorkCentre 5016/5020 совместимые прртномера
128815;106R01371;;Картридж совместимый черный повышенный(14000стр) для Xerox Phaser 3600 совместимые партномера 106R01371
128822;106R01374;;Картридж совместимый черный повышенный(5000стр) для Xerox Phaser 3250 совместимые партномера 106R01374
128825;106R01379;;Картридж совместимый черный повышенный(6000стр) для Xerox Phaser 3100 совместимые партномера 106R01379
128844;106R01412;;Картридж совместимый черный повышенный(8000стр) для Xerox Phaser 3300 совместимые партномера 106R01412
128850;106R01415;;Картридж совместимый черный повышенный(10000стр) для Xerox Phaser 3435 совместимые партномера 106R01415
128890;106R01487;;Картридж совместимый черный повышенный(4100стр) для Xerox WorkCentre 3210/3220 совместимые партномера 106R01486/106R01487
128897;106R01531;;Картридж совместимый черный повышенный(11000стр) для Xerox WorkCentre 3550 совместимые партномера 106R01531
128916;106R01601;;Картридж совместимый голубой повышенный(2500стр) для Xerox Phaser 6500, WorkCentre 6505 совместимые партномера 106R01601
128917;106R01602;;Картридж совместимый пурпурный повышенный(2500стр) для Xerox Phaser 6500, WorkCentre 6505 совместимые партномера 106R01602
128918;106R01603;;Картридж совместимый жёлтый повышенный(2500стр) для Xerox Phaser 6500, WorkCentre 6505 совместимые партномера 106R01596/106R01603
128919;106R01604;;Картридж совместимый черный стандарт(3000стр) для Xerox Phaser 6500, WorkCentre 6505 совместимые партномера 106R01604
128945;106R02183;;Картридж совместимый черный повышенный(2300стр) для Xerox Phaser 3010/3040, WorkCentre 3045 совместимые партномера 106R02183
128964;106R02306;;Картридж совместимый черный повышенный(11000стр) для Xerox Phaser 3320 совместимые партномера 106R02306
128968;106R02310;;Картридж совместимый черный повышенный(5000стр) для Xerox WorkCentre 3315/3325 совместимые партномера 106R02310
128974;106R02609;;Картридж (2 шт. в упаковке) совместимый голубой стандарт(4500*2стр) для Xerox Phaser 7100 совместимые партномера 106R02606/106R02609
128976;106R02610;;Картридж (2 шт. в упаковке) совместимый пурпурный стандарт(4500*2стр) для Xerox Phaser 7100 совместимые партномера 106R02607/106R02610
128978;106R02611;;Картридж (2 шт. в упаковке) совместимый жёлтый стандарт(4500*2стр) для Xerox Phaser 7100 совместимые партномера 106R02608/106R02611
128985;106R02732;;Картридж совместимый черный повышенный(25300стр) для Xerox Phaser 3610, WorkCentre 3615 совместимые партномера 106R02731
129005;106R02773;;Картридж совместимый черный стандарт(1500стр) для Xerox Phaser 3020, WorkCentre 3025 совместимые партномера 106R02773
129008;106R02778;;Картридж совместимый черный повышенный(3000стр) для Xerox Phaser 3052/3260, WorkCentre 3215/3225 совместимые партномера 106R02778
129014;106R03396;;Картридж совместимый черный повышенный(31000стр) для Xerox VersaLink B7025/B7035/B7030 совместимые партномера 106R03396
129029;106R03488;;Картридж совместимый черный повышенный(5500стр) для Xerox WorkCentre 6515, Phaser 6510 совместимые партномера 106R03488
129040;106R03532;;Картридж совместимый черный повышенный(10500стр) для Xerox VersaLink C400/C405 совместимые партномера 106R03532
129042;106R03533;;Картридж совместимый жёлтый повышенный(8000стр) для Xerox VersaLink C400/C405 совместимые партномера 106R03533
129044;106R03534;;Картридж совместимый голубой повышенный(8000стр) для Xerox VersaLink C400/C405 совместимые партномера 106R03534
129046;106R03535;;Картридж совместимый пурпурный повышенный(8000стр) для Xerox VersaLink C400/C405 совместимые партномера 106R03535
129054;106R03623;;Картридж совместимый черный повышенный(15000стр) для Xerox WorkCentre 3335/3345, Phaser 3330 совместимые партномера 106R03623
129056;106R03693;;Картридж совместимый голубой повышенный(4300стр) для Xerox WorkCentre 6515, Phaser 6510 совместимые партномера 106R03693
129058;106R03694;;Картридж совместимый пурпурный повышенный(4300стр) для Xerox WorkCentre 6515, Phaser 6510 совместимые партномера 106R03694
129060;106R03695;;Картридж совместимый жёлтый повышенный(4300стр) для Xerox WorkCentre 6515, Phaser 6510 совместимые партномера 106R03695
129063;106R03745;;Картридж совместимый черный повышенный(23600стр) для Xerox VersaLink C7020/C7025/C7030 совместимые партномера 106R03745/FP-7020XBK
129065;106R03746;;Картридж совместимый жёлтый повышенный(16500стр) для Xerox VersaLink C7020/C7025/C7030 совместимые партномера 106R03746/FP-7020XY
129067;106R03747;;Картридж совместимый пурпурный повышенный(16500стр) для Xerox VersaLink C7020/C7025/C7030 совместимые партномера 106R03747/FP-7020XM
129069;106R03748;;Картридж совместимый голубой повышенный(16500стр) для Xerox VersaLink C7020/C7025/C7030 совместимые партномера 106R03748/FP-7020XC
129086;108R00647;;Фотобарабан совместимый голубой стандарт(30000стр) для Xerox Phaser 7400 совместимые партномера 108R00647
129132;108R00909;;Картридж совместимый черный повышенный(2500стр) для Xerox Phaser 3140/3155/3160 совместимые партномера 108R00909
129157;109R00639;;Картридж совместимый черный стандарт(3000стр) для Xerox Phaser 3110/3210 совместимые партномера 109R00639
129159;109R00725;;Картридж универсальный совместимый черный стандарт(3000стр) для Xerox Phaser 3115/3120/3121/3130, Samsung ML 1500/1510/1710/1740/1750 совместимые парт
129169;113R00730;;Картридж совместимый черный повышенный(3000стр) для Xerox Phaser 3200 совместимые партномера 113R00730
129264;113R00779;;Фотобарабан совместимый черный стандарт(80000стр) для Xerox VersaLink B7025/B7035/B7030 совместимые партномера 113R00779
129277;C13S015637BA;;Картридж совместимый черный стандарт(не менее 1000тыс. зн.) для Epson LX-300+II/LX-350 совместимые партномера C13S015637BA/C13S015631
129278;C13S015329BA;;Картридж совместимый черный стандарт(не менее 3000 тыс. знаков) для Epson FX 890, LQ 590 совместимые партномера C13S015329BA
129788;TN-3480;;Картридж совместимый черный повышенный(8000стр) для Brother HL L5000/L5100/L5200/L6250/L6300/L6400, DCP L5500, MFC L5700/L5750/L6800/L6900, DCP L5500/
129790;TN-3280;;Картридж совместимый черный повышенный(8000стр) для Brother HL 5340/L5350/L5370/L5380, DCP 8070/8085, MFC 8370/8380/8480/8880/8881/8890 совместимые па
129816;TN-241BK;;Картридж совместимый черный стандарт(2500стр) для Brother HL 3140/3150/3170, DCP 9015/9020, MFC 9140/9330/9340 совместимые партномера TN-241BK
129819;TN-2375;;Картридж совместимый черный повышенный(2600стр) для Brother HL L2300/L2340/L2360/L2365, DCP L2500/L2520/L2540/L2560, MFC L2700/L2720/L2740 совместимые
129822;TN-2275;;Картридж совместимый черный повышенный(2600стр) для Brother HL 2240/2250/2270, FAX 2840/2845/2940, DCP 7060/7065/7070, MFC 7360/7460/7860 совместимые
129828;TN-2175;;Картридж совместимый черный повышенный(2600стр) для Brother HL 2120/2140/2142/2150/2170, DCP 7030/7032/7040/7045, MFC 7320/7340/7345/7440/7840 совмест
129832;TN-2090;;Картридж совместимый черный стандарт(1000стр) для Brother HL 2132/2135, DCP 7057 совместимые партномера TN-2090
129836;TN-2080;;Картридж совместимый черный стандарт(700стр) для Brother HL 2130, DCP 7055 совместимые партномера TN-2080
129838;TN-2075;;Картридж совместимый черный стандарт(2500стр) для Brother HL 2030/2040/2050/2070, FAX 2820/2825/2920, DCP 7010/7020/7025, MFC 7225/7420/7820 совместим
129839;TN-2075;;Картридж оригинал черный стандарт(2500стр) для Brother HL 2030/2040/2050/2070, FAX 2820/2825/2920, DCP 7010/7020/7025, MFC 7225/7420/7820 совместимые
129842;TN-1075;;Картридж совместимый черный стандарт(1000стр) для Brother HL 1110/1112/1210/1212, DCP 1510/1512/1610/1612, MFC 1810/1815/1910/1912 совместимые партном
129868;TK-590Y;;Картридж совместимый желтый стандарт(5000стр) для Kyocera Mita FS C2026/C2126/C2526/C2626/C5250, Mita Ecosys M6026/M6026/M6526 совместимые партномера
129869;TK-590M;;Картридж совместимый пурпурный стандарт(5000стр) для Kyocera Mita FS C2026/C2126/C2526/C2626/C5250, Mita Ecosys M6026/M6026/M6526 совместимые партноме
129870;TK-590K;;Картридж совместимый черный стандарт(7000стр) для Kyocera Mita FS C2026/C2126/C2526/C2626/C5250, Mita Ecosys M6026/M6026/M6526 совместимые партномера
129871;TK-590C;;Картридж совместимый голубой стандарт(5000стр) для Kyocera Mita FS C2026/C2126/C2526/C2626/C5250, Mita Ecosys M6026/M6026/M6526 совместимые партномера
129872;TK-5230Y;;Картридж совместимый желтый повышенный (2200стр) для Kyocera Mita Ecosys M5521/P5021 совместимые партномера TK-5230Y
129874;TK-5230M;;Картридж совместимый пурпурный повышенный (2200стр) для Kyocera Mita Ecosys M5521/P5021 совместимые партномера TK-5230M
129876;TK-5230K;;Картридж совместимый черный повышенный (2600стр) для Kyocera Mita Ecosys M5521/P5021 совместимые партномера TK-5230K
129878;TK-5230C;;Картридж совместимый голубой повышенный (2200стр) для Kyocera Mita Ecosys M5521/P5021 совместимые партномера TK-5230C
129897;TK-3160;;Картридж совместимый черный стандарт(12500стр) для Kyocera Mita Ecosys M3145/P3045/P3050/P3055/P3060 совместимые партномера TK-3160
129901;0473C002;;Картридж оригинал черный стандарт(42100стр) для Canon ImageRunner 4525/4535/4545/4551 совместимые партномера 0473C002/C-EXV53Bk
129902;0473C002;;Картридж совместимый черный стандарт(42100стр) для Canon ImageRunner 4525/4535/4545/4551 совместимые партномера 0473C002/C-EXV53Bk
129910;1251C002;;Картридж совместимый желтый повышенный(5000стр) для Canon LBP650/653/654, MF732/734/735/730 совместимые партномера 1251C002/046HY/046 HY
129912;1252C002;;Картридж совместимый пурпурный повышенный(5000стр) для Canon LBP650/653/654, MF732/734/735/730 совместимые партномера 1252C002/046HM/046 HM
129924;2785B002;;Картридж совместимый черный стандарт(14600стр) для Canon IR 2520/2525/2530 совместимые партномера 2785B002
129933;3500B010;;Картридж совместимый черный стандарт(2100стр) для Canon Fax L150/L170/L410, LaserBase MF4410/MF4430/MF4450/MF4550/MF4570/MF4580/MF4730/MF4750/MF4780/M
129946;50F5X0E;;Картридж совместимый черный повышенный(10000стр) для Lexmark MS 410/415/510/610 совместимые партномера 50F5X0E
129948;5216B001;;Картридж совместимый черный повышенный(600стр) для Canon PIXMA MG2140/MG2240/MG3140/MG3240/MG3540/MG4140/MG4240/MX374/MX394/MX434/MX454/MX5474/MX514/M
129949;5220B001;;Картридж совместимый многоцветный повышенный(400стр) для Canon PIXMA MG2140/MG2240/MG3140/MG3240/MG3540/MG4140/MG4240/MX374/MX394/MX434/MX454/MX5474/M
129976;80C8HC0;;Картридж совместимый голубой стандарт(3000стр) для Lexmark CX 410/510 совместимые партномера 80C8HC0/80C8HCE
129978;80C8HM0;;Картридж совместимый пурпурный стандарт(3000стр) для Lexmark CX 410/510 совместимые партномера 80C8HM0/80C8HME
129980;80C8HY0;;Картридж совместимый желтый стандарт(3000стр) для Lexmark CX 410/510 совместимые партномера 80C8HY0/ 80C8HYE
129983;8489A002;;Картридж совместимый черный стандарт(2500стр) для Canon LBP 27/300/3200/3210/3240, MF 3110/3200/3220/3228/3240/5600/5630/5650/5730/5750/5770, SmartBas
129999;AR-016T;;Картридж совместимый черный стандарт(16000стр) для Sharp AR 5015/5020/5120/5220/5316/5320 совместимые партномера AR-015T/AR-016T/AR-016TD/AR-016LT
130018;841769;;Картридж совместимый черный стандарт(9000стр) для Ricoh Aficio MP2001/MP2501 совместимые партномера 841769/841991/842009/842341
130052;TK-1100;;Картридж совместимый черный стандарт(2100стр) для Kyocera FS 1024/1110/1124 совместимые партномера TK-1100
130055;TK-1200;;Картридж совместимый черный стандарт(3000стр) для Kyocera Ecosys M2235/P2335/M2735/M2835 совместимые партномера TK-1200
130072;TK-435;;Картридж совместимый черный стандарт(15000стр) для Kyocera TASKalfa 180/181/220/221 совместимые партномера TK-435
130153;842135;;Картридж совместимый черный повышенный(12000стр) для Ricoh Aficio MP2014 совместимые партномера 842135
130184;CLT-C406S;;Картридж совместимый голубой стандарт(1000стр) для Samsung CLP-360/365,CLX-3300/3305,SL-C410/C460 совместимые партномера CLT-C406S
130185;CLT-K406S;;Картридж совместимый черный стандарт(1500стр) для Samsung CLP-360/365,CLX-3300/3305,SL-C410/C460 совместимые партномера CLT-K406S
130189;CLT-Y406S;;Картридж совместимый желтый стандарт(1000стр) для Samsung CLP-360/365,CLX-3300/3305,SL-C410/C460 совместимые партномера CLT-Y406S
130214;DK-170;;Фотобарабан совместимый черный стандарт(100000стр) для Kyocera EcoSys M2035/M2535/P2135,FS 1035/1135/1320/1370 совместимые партномера DK-170/302LZ9306
130218;DR-1075;;Фотобарабан совместимый черный стандарт(10000стр) для Brother DCP 1510/1512/1610/1612,HL 1110/1112/1210/1212,MFC 1810/1815/1912 совместимые партномера
130220;DR-2075;;Фотобарабан совместимый черный стандарт(12000стр) для Brother DCP 7010/7020/7025/,FAX 2820/2825/2910/2920,HL 2030/2040/2070,MFC 7225/7420/7820 совмест
130222;DR-2080;;Фотобарабан совместимый черный стандарт(12000стр) для Brother DCP 7055, HL 2130 совместимые партномера DR-2080
130228;DR-2275;;Фотобарабан совместимый черный стандарт(12000стр) для Brother DCP 7057/7060/7065/7070,FAX 2845/2940,HL 2132/2230/2240/2250/2270,MFC 7360/7860 совмести
130231;DR-2335;;Фотобарабан совместимый черный стандарт(12000стр) для Brother DCP L2500/L2520/L2540/L2560,HL L2300/L2340/L2360/L2365,MFC L2700/L2720/L2740 совместимые
130252;KX-FAD412A7;;Фотобарабан совместимый черный стандарт(6000стр) для Panasonic KX MB1900/MB2000/MB2001/MB2010/MB2011/MB2020/MB2025/MB2030/MB2051/MB2061/MB2062 совмест
130255;KX-FAT410A7;;Картридж совместимый черный повышенный(2500стр) для Panasonic KX MB1500/MB1501/MB1507/MB1510/MB1520/MB1530/MB1536/MB1537 совместимые партномера KX-FAT
130257;KX-FAT411A7;;Картридж совместимый черный стандарт(2000стр) для Panasonic KX MB1900/MB2000/MB2001/MB2010/MB2011/MB2020/MB2025/MB2030/MB2051/MB2061/MB2062 совместимы
130266;MLT-D104S;;Картридж совместимый черный стандарт(1500стр) для Samsung ML 1660/1665/1667/1677/1860/1865/1867, SCX 3200/3205/3207/3217/3220 совместимые партномера M
130270;MLT-D105L;;Картридж совместимый черный повышенный(2500стр) для Samsung ML 1910/1915/2520/2525/2540/2541/2545/2580/2645, SCX 4600/4605/4610/4623, SF 650 совместим
130272;MLT-D101S;;Картридж совместимый черный повышенный(1500стр) для Samsung ML 2160/2162/2165/2167/2168, SCX 3400/3405/3407, SF 760 совместимые партномера MLT-D101S
130276;MLT-D108S;;Картридж совместимый черный стандарт(1500стр) для Samsung ML 1640/1641/1645/2240/2241 совместимые партномера MLT-D108S
130278;MLT-D109S;;Картридж совместимый черный стандарт(2000стр) для Samsung SCX 4300 совместимые партномера MLT-D109S
130280;MLT-D111L;;Картридж совместимый черный повышенный(1800стр) для Samsung SL M2020/M2021/M2022/M2070/M2071 совместимые партномера MLT-D111L
130282;MLT-D111S;;Картридж совместимый черный стандарт(1000стр) для Samsung SL M2020/M2021/M2022/M2070/M2071 совместимые партномера MLT-D111S
130292;MLT-D205L;;Картридж совместимый черный повышенный(5000стр) для Samsung ML 3300/3310/3312/3710/3712, SCX 4833/4835/5637/5639/5737/5739 совместимые партномера MLT-
130294;MLT-D209L;;Картридж совместимый черный повышенный(5000стр) для Samsung ML 2853/2855, SCX 4824/4826/4828 совместимые партномера MLT-D209L
130297;Q2612A;;Картридж совместимый черный стандарт(2000стр) для HP LaserJet M1005/1010/1012/1015/1018/1020/1022/M1319/3015/3020/3030/3050/3052/3055 совместимые парт
130301;Q2624A;;Картридж совместимый черный стандарт(2500стр) для HP LaserJet 1150 совместимые партномера Q2624A
130303;Q5949A;;Картридж совместимый черный стандарт(2500стр) для HP LaserJet 1160/1320/3390/3392 совместимые партномера Q5949A/Q5949AC
130314;Q6000A;;Картридж совместимый черный стандарт(2500стр) для HP Color LaserJet CM1015/CM1017/1600/2600/2605 совместимые партномера Q6000A
130316;Q6001A;;Картридж совместимый голубой стандарт(2000стр) для HP Color LaserJet CM1015/CM1017/1600/2600/2605 совместимые партномера Q6001A
130318;Q6002A;;Картридж совместимый желтый стандарт(2000стр) для HP Color LaserJet CM1015/CM1017/1600/2600/2605 совместимые партномера Q6002A
130320;Q6003A;;Картридж совместимый пурпурный стандарт(2000стр) для HP Color LaserJet CM1015/CM1017/1600/2600/2605 совместимые партномера Q6003A
130330;Q7516A;;Картридж совместимый черный стандарт(12000стр) для HP LaserJet 5200 совместимые партномера Q7516A/Q7516AC
130334;Q7553X;;Картридж совместимый черный повышенный(7000стр) для HP LaserJet P2014/P2015/M2727 совместимые партномера Q7553X/Q7553XC
130338;SCX-D4200A;;Картридж совместимый черный стандарт(3000стр) для Samsung SCX-4200/4220 совместимые партномера SCX-D4200A/SCX-4200D3
130341;TK-1110;;Картридж совместимый черный стандарт(2500стр) для Kyocera FS 1020MFP/1040/1120MFP совместимые партномера TK-1110
130343;TK-1120;;Картридж совместимый черный стандарт(3000стр) для Kyocera FS 1025/1060/1125 совместимые партномера TK-1120
130345;TK-1130;;Картридж совместимый черный стандарт(3000стр) для Kyocera EcoSys M2030/M2530, FS 1030MFP/1130 совместимые партномера TK-1130
130347;TK-1140;;Картридж совместимый черный стандарт(7200стр) для Kyocera EcoSys M2035/M2535, FS 1035/1135 совместимые партномера TK-1140
130349;TK-1150;;Картридж совместимый черный стандарт(3000стр) для Kyocera EcoSys M2135/M2635/P2235/M2735 совместимые партномера TK-1150
130351;TK-1170;;Картридж совместимый черный стандарт(7200стр) для Kyocera EcoSys M2040/M2540/M2640 совместимые партномера TK-1170
130356;TK-160;;Картридж совместимый черный стандарт(2500стр) для Kyocera EcoSys P2035, FS 1120 совместимые партномера TK-160
130358;TK-170;;Картридж совместимый черный стандарт(7200стр) для Kyocera EcoSys P2135, FS 1320/1370 совместимые партномера TK-170
130360;PC-211EV;;Картридж совместимый черный стандарт(1600стр) для Pantum P2200/P2207/P2500/P2507/P2500W/M6500/M6550/M6607 совместимые партномера PC-211EV/PC-230R
130385;407059;;Картридж совместимый черный стандарт(2000стр) для Ricoh Aficio SP100/SP112 совместимые партномера 407059
130390;407254;;Картридж совместимый черный повышенный(2600стр) для Ricoh Aficio SP201/SP204/SP211/SP213/SP220 совместимые партномера 407254
130391;407262;;Картридж совместимый черный повышенный(2600стр) для Ricoh Aficio SP200/SP202/SP203/SP210/SP212 совместимые партномера 407262
130398;407340;;Картридж совместимый черный повышенный(6000стр) для Ricoh Aficio SP3600/SP3610/SP4510 совместимые партномера 407340
130402;407324;;Фотобарабан совместимый черный стандарт(20000стр) для Ricoh Aficio SP3600/SP3610/SP4510 совместимые партномера 407324
130419;407543;;Картридж совместимый черный стандарт(2000стр) для Ricoh Aficio SPC250/SPC260/SPC261 совместимые партномера 407543
130421;407544;;Картридж совместимый голубой стандарт(1600стр) для Ricoh Aficio SPC250/SPC260/SPC261 совместимые партномера 407544
130423;407545;;Картридж совместимый пурпурный стандарт(1600стр) для Ricoh Aficio SPC250/SPC260/SPC261 совместимые партномера 407545
130425;407546;;Картридж совместимый желтый стандарт(1600стр) для Ricoh Aficio SPC250/SPC260/SPC261 совместимые партномера 407546
130428;408010;;Картридж совместимый черный повышенный(1500стр) для Ricoh Aficio SP150 совместимые партномера 408010/SP-150HE
130432;408060;;Картридж совместимый черный повышенный(10000стр) для Ricoh Aficio SP450 совместимые партномера 408060
130451;821242;;Картридж совместимый черный повышенный(6400стр) для Ricoh Aficio SP311/SP325 совместимые партномера 821242
130471;841197;;Картридж совместимый голубой стандарт(5500стр) для Ricoh Aficio MPC2030/MPC2050/MPC2530/MPC2550/MPC2051/MPC2551 совместимые партномера 841197/842060/8
130472;841197;;Картридж оригинал голубой стандарт(5500стр) для Ricoh Aficio MPC2030/MPC2050/MPC2530/MPC2550/MPC2051/MPC2551 совместимые партномера 841197/842060/8424
130474;841198;;Картридж совместимый пурпурный стандарт(5500стр) для Ricoh Aficio MPC2030/MPC2050/MPC2530/MPC2550/MPC2051/MPC2551 совместимые партномера 841198/842059
130476;841199;;Картридж совместимый желтый стандарт(5500стр) для Ricoh Aficio MPC2030/MPC2050/MPC2530/MPC2550/MPC2051/MPC2551 совместимые партномера 841199/842058/84
132762;CLT-C404S;;Картридж совместимый голубой стандарт(1000стр) для Samsung Xpress C430/С432/С433/С480/С482/С483 совместимые партномера CLT-C404S
132763;CLT-M404S;;Картридж совместимый пурпурный стандарт(1000стр) для Samsung Xpress C430/С432/С433/С480/С482/С483 совместимые партномера CLT-M404S
132764;CLT-Y404S;;Картридж совместимый желтый стандарт(1000стр) для Samsung Xpress C430/С432/С433/С480/С482/С483 совместимые партномера CLT-Y404S
132765;CLT-K404S;;Картридж совместимый черный стандарт(1500стр) для Samsung Xpress C430/С432/С433/С480/С482/С483 совместимые партномера CLT-K404S
133153;TN-1095;;Картридж совместимый черный стандарт(1500стр) для Brother HL1202/DCP 1602 совместимые партномера TN-1095
133425;DR-1095;;Фотобарабан совместимый черный стандарт(10000стр) для Brother HL1202/DCP 1602 совместимые партномера DR-1095
133459;50F0XA0;;Картридж совместимый черный повышенный(10000стр) для Lexmark MS410/MS415 совместимые партномера 50F
133548;TK-580C;;Картридж совместимый голубой стандарт(2800стр) для Kyocera EcoSys P6021, FS C5150 совместимые партномера TK-580C/1T02KTCNL0
133550;TK-580K;;Картридж совместимый черный стандарт(3500стр) для Kyocera EcoSys P6021, FS C5150 совместимые партномера TK-580K/1T02KT0NL0
133552;TK-580M;;Картридж совместимый пурпурный стандарт(2800стр) для Kyocera EcoSys P6021, FS C5150 совместимые партномера TK-580M/1T02KTBNL0
133554;TK-580Y;;Картридж совместимый желтый стандарт(2800стр) для Kyocera EcoSys P6021, FS C5150 совместимые партномера TK-580Y/1T02KTANL0
133608;0385B002;;Фотобарабан совместимый черный стандарт(55000стр) для Canon iR 2016/2020/2318/2320/2422 совместимые партномера 0385B002/C-EXV14/0385B002BA
133657;1253C002;;Картридж совместимый голубой повышенный(5000стр) для Canon LBP650/653/654, MF732/734/735/730 совместимые партномера 1253C002/046HC/046 HC
133691;2772B003;;Фотобарабан совместимый черный стандарт(не менее 70000стр) для Canon iR 2520/2525/2530/2535/2545 совместимые партномера 2772B003/C-EXV32/33/CET101053
133705;3483B002;;Картридж совместимый черный стандарт(2100стр) для Canon LBP 6200/6230 совместимые партномера 3483B002/Canon 726
133733;5773A004;;Картридж совместимый черный стандарт(2500стр) для Canon LBP 1210 совместимые партномера 5773A004/EP-25
133735;6269B002;;Картридж совместимый желтый стандарт(1500стр) для Canon LBP 7100/7110, MF 623/628/8230/8280 совместимые партномера 6269B002/Canon 731Y
133737;6270B002;;Картридж совместимый пурпурный стандарт(1500стр) для Canon LBP 7100/7110, MF 623/628/8230/8280 совместимые партномера 6270B002/Canon 731M
133739;6271B002;;Картридж совместимый голубой стандарт(1500стр) для Canon LBP 7100/7110, MF 623/628/8230/8280 совместимые партномера 6271B002/Canon 731C
133741;6272B002;;Картридж совместимый черный стандарт(1400стр) для Canon LBP 7100/7110, MF 623/628/8230/8280 совместимые партномера 6272B002/Canon 731Bk
133767;6908B002;;Картридж совместимый черный стандарт(10200стр) для Canon iR 2202/2204 совместимые партномера 6908B002/C-EXV42
133772;DR-3300;;Фотобарабан оригинал черный стандарт(30000стр) для Brother DCP 8110/8250, HL 5440/5450/5470/6180, MFC 8320/8520/8950 совместимые партномера DR-3300/DR
133773;DR-3300;;Фотобарабан совместимый черный стандарт(30000стр) для Brother DCP 8110/8250, HL 5440/5450/5470/6180, MFC 8320/8520/8950 совместимые партномера DR-3300
133775;DR-3400;;Фотобарабан совместимый черный стандарт(30000стр) для Brother DCP L5500/L5600/L5650L6600, HL L5000/L5100/L5200/L6200/L6250/L6300/L6400, MFC L5700/L575
133821;TN-241M;;Картридж совместимый пурпурный стандарт(1400стр) для Brother DCP 9020, HL 3140/3150/3170, MFC 9140/9330/9340 совместимые партномера TN-241M
133823;TN-241Y;;Картридж совместимый желтый стандарт(1400стр) для Brother DCP 9020, HL 3140/3150/3170, MFC 9140/9330/9340 совместимые партномера TN-241Y
133833;TN-3380;;Картридж совместимый черный повышенный(8000стр) для Brother DCP 8110/8250, HL 5440/5450/5470/6180, MFC 8320/8520/8950 совместимые партномера TN-3380
133850;0481C002;;Картридж оригинал черный стандарт(69000стр) для Canon iR Advance C5500ser/C5535/C5540/C5550/C5560 совместимые партномера 0481C002/C-EXV51Bk
133851;0481C002;;Картридж совместимый черный стандарт(69000стр) для Canon iR Advance C5500ser/C5535/C5540/C5550/C5560 совместимые партномера 0481C002/C-EXV51Bk/FP-EXV5
133852;0482C002;;Картридж оригинал голубой повышенный(60000стр) для Canon iR Advance C5500ser/C5535/C5540/C5550/C5560 совместимые партномера 0482C002/C-EXV51C
133853;0482C002;;Картридж совместимый голубой повышенный(60000стр) для Canon iR Advance C5500ser/C5535/C5540/C5550/C5560 совместимые партномера 0482C002/C-EXV51C/FP-EX
133854;0484C002;;Картридж оригинал желтый повышенный(60000стр) для Canon iR Advance C5500ser/C5535/C5540/C5550/C5560 совместимые партномера 0484C002/C-EXV51Y
133855;0484C002;;Картридж совместимый желтый повышенный(60000стр) для Canon iR Advance C5500ser/C5535/C5540/C5550/C5560 совместимые партномера 0484C002/C-EXV51Y/FP-EXV
133856;0483C002;;Картридж оригинал пурпурный повышенный(60000стр) для Canon iR Advance C5500ser/C5535/C5540/C5550/C5560 совместимые партномера 0483C002/C-EXV51M
133857;0483C002;;Картридж совместимый пурпурный повышенный(60000стр) для Canon iR Advance C5500ser/C5535/C5540/C5550/C5560 совместимые партномера 0483C002/C-EXV51M/FP-
133888;PR-2;;Картридж совместимый черный стандарт(не менее 1000тыс. зн.) для Olivetti PR 2/PR 2Plus совместимые партномера 1217868/PR-2
133937;CZ130A;;Картридж совместимый голубой стандарт(29мл) для HP DesignJet T120/T520 совместимые партномера CZ130A/HP 711
133939;CZ131A;;Картридж совместимый пурпурный стандарт(29мл) для HP DesignJet T120/T520 совместимые партномера CZ131A/HP 711
133941;CZ132A;;Картридж совместимый желтый стандарт(29мл) для HP DesignJet T120/T520 совместимые партномера CZ132A/HP 711
133945;CZ133A;;Картридж совместимый черный повышенный(80мл) для HP DesignJet T120/T520 совместимые партномера CZ133A/HP 711XL
133967;Q2612X;;Картридж совместимый черный повышенный(3500стр) для HP LaserJet M1005/1010/1012/1015/1018/1020/1022/M1319/3015/3020/3030/3050/3052/3055 совместимые па
133997;Q5949X;;Картридж совместимый черный повышенный(6000стр) для HP LaserJet 1320/3390/3392 совместимые партномера Q5949X/HP 49A/Q5949XC
134137;DK-1110;;Фотобарабан совместимый черный стандарт(100000стр) для Kyocera FS 1020MFP/1025/1040/1060/1120MFP/1125 совместимые партномера DK-1110/302M293010/302M29
134161;CLT-R406;;Фотобарабан совместимый многоцветный стандарт(16000стр) для Samsung CLP 360/365, CLX 3300/3305, Xpress ser SL C410/C460 совместимые партномера CLT-R40
134198;MLT-D115L;;Картридж совместимый черный повышенный(3000стр) для Samsung Xpress ser SL M2620/M2670/M2820/M2830/M2870/M2880 совместимые партномера MLT-D115L/SEE/HP
134204;MLT-D203E;;Картридж совместимый черный повышенный(10000стр) для Samsung Xpress ser SL M3820/M3870/M4020/M4070/M4072 совместимые партномера MLT-D203E/SEE/HP SU887
134226;SCX-D4725A;;Картридж совместимый черный стандарт(3000стр) для Samsung SCX 4725 совместимые партномера SCX-D4725A/SEE/HP SV190A/SCX-D4725A/XAA/HP SV191A
134258;WT-1110;;Контейнер для отработки совместимый черный стандарт(100000стр) для Kyocera FS 1020MFP/1025/1040/1060/1120MFP/1125 совместимые партномера 302M293030/WT
134262;DK-1150;;Фотобарабан совместимый черный стандарт(100000стр) для Kyocera EcoSys M2040/P2040/M2135/P2235/M2540/M2635/M2640/M2735 совместимые партномера DK-1150/3
134264;DK-130;;Фотобарабан совместимый черный стандарт(100000стр) для Kyocera FS 1100/1300 совместимые партномера DK-130/302HS93011/302HS93010
134266;DK-150;;Фотобарабан совместимый черный стандарт(100000стр) для Kyocera EcoSys M2030/P2035/M2530, FS 1028/1030MFP/1120/1128/1130/1350 совместимые партномера DK
134276;TK-1160;;Картридж совместимый черный стандарт(7200стр) для Kyocera EcoSys P2040 совместимые партномера TK-1160/1T02RY0NL0
134339;50F0ZA0;;Фотобарабан совместимый черный стандарт(60000стр) для Lexmark MS310/MX310/MS312/MS317/MX317/MS410/MX410/MS415/MS417/MX417/MS510/MX510/MX511/MS517/MX51
134346;60F0HA0;;Картридж совместимый черный повышенный(10000стр) для Lexmark MX310/MX410 совместимые партномера 605H/600HA/60F0HA0/60F5H00
134517;CF244A;;Картридж совместимый черный стандарт(1000стр) для HP LaserJet Pro M15/M16/M28/M29 совместимые партномера CF244A/HP 44A
135744;50F5H00;;Картридж совместимый черный повышенный(5000стр) для Lexmark MS310/MS410/MS510/MS610 совместимые партномера 50F5H00/LEXMARK 505H/50F0HA0/LEXMARK 500HA/
135831;80C8SY0;;Картридж совместимый желтый повышенный(2000стр) для Lexmark CX310/CX410/CX510 совместимые партномера 80C8SY0/LEXMARK 808SY/80C8SYE/80C0S40
135839;DK-5230;;Фотобарабан совместимый черный стандарт(100000стр) для Kyocera EcoSys P5021/P5026/M5521/M5526 совместимые партномера 302R793010/2R793010/DK-5230/DK523
136435;TN-116;;Картридж совместимый черный стандарт(9000стр) для Konica Minolta Bizhub 164/165/184/185/7718/7818 совместимые партномера A1UC050/TN-116/TN-117
136477;CF256X;;Картридж совместимый черный повышенный(12300стр) для HP LaserJet M436 совместимые партномера CF256X/HP 56X
136661;TL-420H;;Картридж совместимый черный стандарт(3000стр) для Pantum P3010/3300/M6700/M7100/M6800/7200 совместимые партномера TL-420H
136833;1627961;;Поглотитель чернил совместимый многоцветный стандарт(4000стр) для Epson L110/L130/L132/L210/L220/L222/L300/L310/L350/L355/L362/L365/L366/L456 совмести
137261;3019C002;;Картридж совместимый голубой повышенный(5900стр) для Canon LBP 662/663/664, MF 740/741/742/743/744/745/746 совместимые партномера 3019C002/3019C/CRG-0
137263;3018C002;;Картридж совместимый пурпурный повышенный(5900стр) для Canon LBP 662/663/664, MF 740/741/742/743/744/745/746 совместимые партномера 3018C002/3018C/CRG
137265;3017C002;;Картридж совместимый желтый повышенный(5900стр) для Canon LBP 662/663/664, MF 740/741/742/743/744/745/746 совместимые партномера 3017C002/3017C/CRG-05
137743;101R00664;;Фотобарабан совместимый черный стандарт(10000стр) для Xerox B205/B210/B215 совместимые партномера 101R00664/101R664
137745;106R04348;;Картридж совместимый черный стандарт(3000стр) для Xerox B205/B210/B215 совместимые партномера 106R04348/106R4348/106R04347/106R4347
137795;6954B002;;Фотобарабан оригинал черный стандарт(66000стр) для Canon iR 2202/2204 совместимые партномера 6954B/6954B002/6954B002AA/6954B002/C-EXV42 DU
139249;W1106A;;Картридж совместимый черный стандарт(1000стр) для HP Laser 107/135/137 совместимые партномера W1106A/106A
139370;CF256A;;Картридж совместимый черный стандарт(7400стр) для HP LaserJet M433/M436 совместимые партномера CF256A/HP 56A
139999;3028C002;;Картридж совместимый черный повышенный(3100стр) для Canon LBP 620/621/623/640, MF 640/641/642/643/644/645 совместимые партномера 3028C002/3028C/CRG-05
140001;3027C002;;Картридж совместимый голубой повышенный(2300стр) для Canon LBP 620/621/623/640, MF 640/641/642/643/644/645 совместимые партномера 3027C002/3027C/CRG-0
140003;3026C002;;Картридж совместимый пурпурный повышенный(2300стр) для Canon LBP 620/621/623/640, MF 640/641/642/643/644/645 совместимые партномера 3026C002/3026C/CRG
140005;3025C002;;Картридж совместимый желтый повышенный(2300стр) для Canon LBP 620/621/623/640, MF 640/641/642/643/644/645 совместимые партномера 3025C002/3025C/CRG-05
140392;CF259A;;Картридж совместимый черный стандарт(3000стр) для HP LaserJet Pro M304/M404/M428 совместимые партномера CF259A/CF258A/CF276A/CF277A/HP 59A
140394;CF259X;;Картридж совместимый черный повышенный(10000стр) для HP LaserJet Pro M304/M404/M428 совместимые партномера CF259X/CF258X/CF276X/CF277X/HP 59X/CF259XC/
140509;TN-421Bk;;Картридж совместимый черный стандарт(3000стр) для Brother DCP L8410, HL L8260/L8360, MFC L8690/L8900 совместимые партномера TN-421Bk
140513;TN-421M;;Картридж совместимый пурпурный стандарт(1800стр) для Brother DCP L8410, HL L8260/L8360, MFC L8690/L8900 совместимые партномера TN-421M
140517;TN-423Bk;;Картридж совместимый черный повышенный(6500стр) для Brother DCP L8410, HL L8260/L8360, MFC L8690/L8900 совместимые партномера TN-423Bk
140519;TN-423C;;Картридж совместимый голубой повышенный(4000стр) для Brother DCP L8410, HL L8260/L8360, MFC L8690/L8900 совместимые партномера TN-423C
140521;TN-423M;;Картридж совместимый пурпурный повышенный(4000стр) для Brother DCP L8410, HL L8260/L8360, MFC L8690/L8900 совместимые партномера TN-423M
140523;TN-423Y;;Картридж совместимый желтый повышенный(4000стр) для Brother DCP L8410, HL L8260/L8360, MFC L8690/L8900 совместимые партномера TN-423Y
140540;TN-2420;;Картридж совместимый черный повышенный(3000стр) для Brother DCP L2510/L2530, HL L2310/L2350/L2370/L2375, MFC L2710/L2730/L2750 совместимые партномера
140600;C13S015019;;Картридж совместимый черный стандарт(не менее 1000тыс. зн.) для Epson FX 80/85/800/850/870/880, LX 300/300+/400/800/850, MX 80/82, RX 80 совместимые п
141247;W2070A;;Картридж совместимый черный стандарт(1000стр) для HP Color Laser 150/178/179 совместимые партномера W2070A/HP 117
141249;W2071A;;Картридж совместимый голубой стандарт(700стр) для HP Color Laser 150/178/179 совместимые партномера W2071A
141251;W2072A;;Картридж совместимый желтый стандарт(700стр) для HP Color Laser 150/178/179 совместимые партномера W2072A
141253;W2073A;;Картридж совместимый пурпурный стандарт(700стр) для HP Color Laser 150/178/179 совместимые партномера W2073A
142187;408281;;Картридж совместимый черный стандарт(7000стр) для Ricoh Aficio SP330 совместимые партномера 408281
142483;50F5X00;;Картридж совместимый черный повышенный(10000стр) для Lexmark LaserPrinter MS410/MS415/MS510/MS610 совместимые партномера 50F5X00
142664;A3VW050;;Картридж (2 шт. в упаковке) оригинал черный стандарт(12000 *2стр) для Konica Minolta Bizhub 195/215/226/235/7719/7721/7723 совместимые партномера A3VW
142665;A3VW050;;Картридж совместимый черный стандарт(12000стр) для Konica Minolta Bizhub 195/215/226/235/7719/7721/7723 совместимые партномера A3VW050/A3VW030/TN-118/
143478;DL-420;;Фотобарабан совместимый черный стандарт (не менее 12000стр) для Pantum P3300/P3010/M6700/M6800/M7100/M7200/M7300 совместимые партномера DL-420
143482;TL-420X;;Картридж совместимый черный повышенный(6000стр) для Pantum P3010/3300/M6700/M7100/M6800/7200 совместимые партномера TL-420X
144265;CF244X;;Картридж совместимый черный повышенный(2000стр) для HP LaserJet Pro M15/M16/M28/M29 совместимые партномера CF244X/CS-CF244X
144943;3010C002;;Картридж совместимый черный повышенный(10000стр) для Canon LBP 220ser/223/225/226, MF 440ser/443/445/446/449 совместимые партномера 3010C002/Canon 057
144950;BPGT20CA;;Картридж оригинал голубой повышенный(10000стр) для Sharp BP10С20EU/BP20С20EU/BP20С25EU совместимые партномера BPGT20CA
145990;106R02612;;Картридж (2 шт. в упаковке) совместимый черный стандарт(5000*2стр) для Xerox Phaser 7100 совместимые партномера 106R02605/106R02612
151766;3ED67A;;Картридж совместимый голубой стандарт(29мл) для HP DesignJet T210/T230/T250/T630/T650, DesignJet Studio  совместимые партномера 3ED67A
151768;3ED68A;;Картридж совместимый пурпурный стандарт(29мл) для HP DesignJet T210/T230/T250/T630/T650, DesignJet Studio  совместимые партномера 3ED68A
151770;3ED69A;;Картридж совместимый желтый стандарт(29мл) для HP DesignJet T210/T230/T250/T630/T650, DesignJet Studio  совместимые партномера 3ED69A
151774;3ED71A;;Картридж совместимый черный повышенный(80мл) для HP DesignJet T210/T230/T250/T630/T650, DesignJet Studio  совместимые партномера 3ED71A
153097;CF289Y;;Картридж совместимый черный повышенный(20000стр) для HP LaserJet M507/528 совместимые партномера CF289Y/HP 89Y
155124;3ED58A;;Печатающая головка оригинал многоцветный стандарт(16000стр) для HP DesignJet T210/T230/T250/T630/T650, DesignJet Studio  совместимые партномера 3ED58A
162051;4311C001;;Картридж оригинал черный стандарт(10200стр) для Canon imageRUNNER 2425/2425i совместимые партномера C-EXV60/4311C001
162052;4311C001;;Картридж совместимый черный стандарт(10200стр) для Canon imageRUNNER 2425/2425i совместимые партномера C-EXV60/4311C001
162089;PC-212EV;;Картридж совместимый черный стандарт(1600стр) для Pantum P2502 / P2502W / M6502 / M6502W / M6552NW совместимые партномера PC-212EV
162142;TL-5120;;Картридж совместимый черный малый(3000стр) для Pantum BM5100 / BP5100 совместимые партномера TL-5120
162144;TL-5120H;;Картридж совместимый черный стандарт(6000стр) для Pantum BM5100 / BP5100 совместимые партномера TL-5120H
162145;TL-5120X;;Картридж оригинал черный повышенный(15000стр) для Pantum BM5100 / BP5100 совместимые партномера TL-5120X
162146;TL-5120X;;Картридж совместимый черный повышенный(15000стр) для Pantum BM5100 / BP5100 совместимые партномера TL-5120X
162147;DL-5120;;Фотобарабан оригинал черный стандарт(30000стр) для Pantum BM5100 / BP5100 совместимые партномера DL-5120
162148;DL-5120;;Фотобарабан совместимый черный стандарт(30000стр) для Pantum BM5100 / BP5100 совместимые партномера DL-5120
163530;W1106A-5000pages;;Картридж совместимый черный повышенный(5000стр) для HP Laser 107/135/137 совместимые партномера W1106A-5000pages/W1106XL
163998;106R01277-2pcs;;Картридж (2 шт. в упаковке) совместимый черный стандарт(6300*2стр) для Xerox WorkCentre 5016/5020 совместимые партномера 106R01277-2pcs
164449;W1500A;;Картридж совместимый черный стандарт(975стр) для HP LaserJet M111/M141 совместимые партномера W1500A / HP 150A
167954;PC-211EV-6000pages;;Картридж совместимый черный повышенный(6000стр) для Pantum P2200/P2207/P2500/P2507/P2500W/M6500/M6550/M6607 совместимые партномера PC-211EV-6000pages/
168323;T1;;Картридж совместимый черный повышенный(3500стр) для Deli P2500/M2500 совместимые партномера T1
170053;W2071X;;Картридж совместимый голубой повышенный(1500стр) для HP Color Laser 150/178/179 совместимые партномера W2071X
170217;W1500X;;Картридж совместимый черный стандарт(2000стр) для HP LaserJet M111/M141 совместимые партномера W1500X / HP 150X
170436;STB8014;;Картридж F+ imaging оригинал черный повышенный(4000стр) для Lexmark CX410/CX510 совместимые партномера STB8014
173895;5098C002;;Картридж совместимый черный повышенный(7600стр) для Canon i-SENSYS LBP673Cdw/MF752Cdw/MF754Cdw совместимые партномера 069H/5098C002
173897;5097C002;;Картридж совместимый голубой повышенный(5500стр) для Canon i-SENSYS LBP673Cdw/MF752Cdw/MF754Cdw совместимые партномера 069H/5097C002
173899;5096C002;;Картридж совместимый пурпурный повышенный(5500стр) для Canon i-SENSYS LBP673Cdw/MF752Cdw/MF754Cdw совместимые партномера 069H/5096C002
173901;5095C002;;Картридж совместимый желтый повышенный(5500стр) для Canon i-SENSYS LBP673Cdw/MF752Cdw/MF754Cdw совместимые партномера 069H/5095C002
175751;106R02773;;Картридж (4 шт. в упаковке) совместимый черный стандарт(1500*4стр) для Xerox Phaser 3020, WorkCentre 3025 совместимые партномера 106R03048/106R02773/C
176985;3430C001;;Печатающая головка оригинал цветной стандарт для Canon PIXMA G1420/G2420/G3420/G5040/G5050/G6040/G6050/G7040/G7050/GM2040/GM2050/GM4040/GM4050 совмест
